"filename", "language", "C++", "Markdown", "JSON", "comment", "blank", "total"
"c:\Users\User\Documents\Modules\career stuff\chess2D\chessgame\chessgame\Source Files\.VSCodeCounter\2022-07-22_14-05-53\details.md", "Markdown", 0, 31, 0, 0, 6, 37
"c:\Users\User\Documents\Modules\career stuff\chess2D\chessgame\chessgame\Source Files\.VSCodeCounter\2022-07-22_14-05-53\diff-details.md", "Markdown", 0, 9, 0, 0, 6, 15
"c:\Users\User\Documents\Modules\career stuff\chess2D\chessgame\chessgame\Source Files\.VSCodeCounter\2022-07-22_14-05-53\diff.md", "Markdown", 0, 12, 0, 0, 7, 19
"c:\Users\User\Documents\Modules\career stuff\chess2D\chessgame\chessgame\Source Files\.VSCodeCounter\2022-07-22_14-05-53\results.json", "JSON", 0, 0, 1, 0, 0, 1
"c:\Users\User\Documents\Modules\career stuff\chess2D\chessgame\chessgame\Source Files\.VSCodeCounter\2022-07-22_14-05-53\results.md", "Markdown", 0, 24, 0, 0, 7, 31
"c:\Users\User\Documents\Modules\career stuff\chess2D\chessgame\chessgame\Source Files\SDL_Handler.cpp", "C++", 383, 0, 0, 47, 96, 526
"c:\Users\User\Documents\Modules\career stuff\chess2D\chessgame\chessgame\Source Files\SDL_Handler.h", "C++", 41, 0, 0, 19, 20, 80
"c:\Users\User\Documents\Modules\career stuff\chess2D\chessgame\chessgame\Source Files\main.cpp", "C++", 35, 0, 0, 7, 6, 48
"Total", "-", 459, 76, 1, 73, 148, 757