"filename", "language", "C++", "Markdown", "JSON", "comment", "blank", "total"
"c:\Users\User\Documents\Modules\career stuff\chess2D\chessgame\chessgame\Source Files\.VSCodeCounter\2022-07-22_14-05-53\details.md", "Markdown", 0, 31, 0, 0, 6, 37
"c:\Users\User\Documents\Modules\career stuff\chess2D\chessgame\chessgame\Source Files\.VSCodeCounter\2022-07-22_14-05-53\diff-details.md", "Markdown", 0, 9, 0, 0, 6, 15
"c:\Users\User\Documents\Modules\career stuff\chess2D\chessgame\chessgame\Source Files\.VSCodeCounter\2022-07-22_14-05-53\diff.md", "Markdown", 0, 12, 0, 0, 7, 19
"c:\Users\User\Documents\Modules\career stuff\chess2D\chessgame\chessgame\Source Files\.VSCodeCounter\2022-07-22_14-05-53\results.json", "JSON", 0, 0, 1, 0, 0, 1
"c:\Users\User\Documents\Modules\career stuff\chess2D\chessgame\chessgame\Source Files\.VSCodeCounter\2022-07-22_14-05-53\results.md", "Markdown", 0, 24, 0, 0, 7, 31
"c:\Users\User\Documents\Modules\career stuff\chess2D\chessgame\chessgame\Source Files\SDL_Handler.cpp", "C++", 383, 0, 0, 47, 96, 526
"c:\Users\User\Documents\Modules\career stuff\chess2D\chessgame\chessgame\Source Files\SDL_Handler.h", "C++", 41, 0, 0, 19, 20, 80
"c:\Users\User\Documents\Modules\career stuff\chess2D\chessgame\chessgame\Source Files\chess\board\board.cpp", "C++", 208, 0, 0, 21, 45, 274
"c:\Users\User\Documents\Modules\career stuff\chess2D\chessgame\chessgame\Source Files\chess\board\board.h", "C++", 27, 0, 0, 123, 21, 171
"c:\Users\User\Documents\Modules\career stuff\chess2D\chessgame\chessgame\Source Files\chess\board\stack.cpp", "C++", 92, 0, 0, 0, 17, 109
"c:\Users\User\Documents\Modules\career stuff\chess2D\chessgame\chessgame\Source Files\chess\board\stack.h", "C++", 29, 0, 0, 64, 10, 103
"c:\Users\User\Documents\Modules\career stuff\chess2D\chessgame\chessgame\Source Files\chess\game.cpp", "C++", 139, 0, 0, 12, 32, 183
"c:\Users\User\Documents\Modules\career stuff\chess2D\chessgame\chessgame\Source Files\chess\game.h", "C++", 31, 0, 0, 37, 24, 92
"c:\Users\User\Documents\Modules\career stuff\chess2D\chessgame\chessgame\Source Files\chess\gamepieces\linkedlist\Llist.cpp", "C++", 77, 0, 0, 0, 21, 98
"c:\Users\User\Documents\Modules\career stuff\chess2D\chessgame\chessgame\Source Files\chess\gamepieces\linkedlist\Llist.h", "C++", 27, 0, 0, 82, 17, 126
"c:\Users\User\Documents\Modules\career stuff\chess2D\chessgame\chessgame\Source Files\chess\gamepieces\pieces\bishop\bishop.cpp", "C++", 97, 0, 0, 10, 8, 115
"c:\Users\User\Documents\Modules\career stuff\chess2D\chessgame\chessgame\Source Files\chess\gamepieces\pieces\bishop\bishop.h", "C++", 14, 0, 0, 50, 8, 72
"c:\Users\User\Documents\Modules\career stuff\chess2D\chessgame\chessgame\Source Files\chess\gamepieces\pieces\king\king.cpp", "C++", 173, 0, 0, 26, 31, 230
"c:\Users\User\Documents\Modules\career stuff\chess2D\chessgame\chessgame\Source Files\chess\gamepieces\pieces\king\king.h", "C++", 15, 0, 0, 60, 8, 83
"c:\Users\User\Documents\Modules\career stuff\chess2D\chessgame\chessgame\Source Files\chess\gamepieces\pieces\knight\knight.cpp", "C++", 96, 0, 0, 18, 7, 121
"c:\Users\User\Documents\Modules\career stuff\chess2D\chessgame\chessgame\Source Files\chess\gamepieces\pieces\knight\knight.h", "C++", 14, 0, 0, 50, 8, 72
"c:\Users\User\Documents\Modules\career stuff\chess2D\chessgame\chessgame\Source Files\chess\gamepieces\pieces\pawn\pawn.cpp", "C++", 69, 0, 0, 14, 9, 92
"c:\Users\User\Documents\Modules\career stuff\chess2D\chessgame\chessgame\Source Files\chess\gamepieces\pieces\pawn\pawn.h", "C++", 14, 0, 0, 50, 8, 72
"c:\Users\User\Documents\Modules\career stuff\chess2D\chessgame\chessgame\Source Files\chess\gamepieces\pieces\piece.cpp", "C++", 44, 0, 0, 0, 11, 55
"c:\Users\User\Documents\Modules\career stuff\chess2D\chessgame\chessgame\Source Files\chess\gamepieces\pieces\piece.h", "C++", 27, 0, 0, 132, 19, 178
"c:\Users\User\Documents\Modules\career stuff\chess2D\chessgame\chessgame\Source Files\chess\gamepieces\pieces\queen\queen.cpp", "C++", 177, 0, 0, 10, 16, 203
"c:\Users\User\Documents\Modules\career stuff\chess2D\chessgame\chessgame\Source Files\chess\gamepieces\pieces\queen\queen.h", "C++", 14, 0, 0, 50, 7, 71
"c:\Users\User\Documents\Modules\career stuff\chess2D\chessgame\chessgame\Source Files\chess\gamepieces\pieces\rook\rook.cpp", "C++", 97, 0, 0, 2, 9, 108
"c:\Users\User\Documents\Modules\career stuff\chess2D\chessgame\chessgame\Source Files\chess\gamepieces\pieces\rook\rook.h", "C++", 14, 0, 0, 50, 8, 72
"c:\Users\User\Documents\Modules\career stuff\chess2D\chessgame\chessgame\Source Files\main.cpp", "C++", 35, 0, 0, 7, 6, 48
"Total", "-", 1954, 76, 1, 934, 492, 3457