{"file:///c%3A/Users/User/Documents/Modules/career%20stuff/chess2D/chessgame/chessgame/Source%20Files/SDL_Handler.h":{"language":"C++","code":41,"comment":19,"blank":20},"file:///c%3A/Users/User/Documents/Modules/career%20stuff/chess2D/chessgame/chessgame/Source%20Files/main.cpp":{"language":"C++","code":35,"comment":7,"blank":6},"file:///c%3A/Users/User/Documents/Modules/career%20stuff/chess2D/chessgame/chessgame/Source%20Files/chess/game.h":{"language":"C++","code":31,"comment":37,"blank":24},"file:///c%3A/Users/User/Documents/Modules/career%20stuff/chess2D/chessgame/chessgame/Source%20Files/SDL_Handler.cpp":{"language":"C++","code":383,"comment":47,"blank":96},"file:///c%3A/Users/User/Documents/Modules/career%20stuff/chess2D/chessgame/chessgame/Source%20Files/chess/gamepieces/pieces/piece.h":{"language":"C++","code":27,"comment":132,"blank":19},"file:///c%3A/Users/User/Documents/Modules/career%20stuff/chess2D/chessgame/chessgame/Source%20Files/chess/board/stack.cpp":{"language":"C++","code":92,"comment":0,"blank":17},"file:///c%3A/Users/User/Documents/Modules/career%20stuff/chess2D/chessgame/chessgame/Source%20Files/chess/game.cpp":{"language":"C++","code":139,"comment":12,"blank":32},"file:///c%3A/Users/User/Documents/Modules/career%20stuff/chess2D/chessgame/chessgame/Source%20Files/.VSCodeCounter/2022-07-22_14-05-53/diff.md":{"language":"Markdown","code":12,"comment":0,"blank":7},"file:///c%3A/Users/User/Documents/Modules/career%20stuff/chess2D/chessgame/chessgame/Source%20Files/.VSCodeCounter/2022-07-22_14-05-53/results.md":{"language":"Markdown","code":24,"comment":0,"blank":7},"file:///c%3A/Users/User/Documents/Modules/career%20stuff/chess2D/chessgame/chessgame/Source%20Files/chess/gamepieces/pieces/piece.cpp":{"language":"C++","code":44,"comment":0,"blank":11},"file:///c%3A/Users/User/Documents/Modules/career%20stuff/chess2D/chessgame/chessgame/Source%20Files/chess/board/board.h":{"language":"C++","code":27,"comment":123,"blank":21},"file:///c%3A/Users/User/Documents/Modules/career%20stuff/chess2D/chessgame/chessgame/Source%20Files/chess/gamepieces/linkedlist/Llist.h":{"language":"C++","code":27,"comment":82,"blank":17},"file:///c%3A/Users/User/Documents/Modules/career%20stuff/chess2D/chessgame/chessgame/Source%20Files/chess/board/stack.h":{"language":"C++","code":29,"comment":64,"blank":10},"file:///c%3A/Users/User/Documents/Modules/career%20stuff/chess2D/chessgame/chessgame/Source%20Files/chess/gamepieces/linkedlist/Llist.cpp":{"language":"C++","code":77,"comment":0,"blank":21},"file:///c%3A/Users/User/Documents/Modules/career%20stuff/chess2D/chessgame/chessgame/Source%20Files/chess/gamepieces/pieces/pawn/pawn.cpp":{"language":"C++","code":69,"comment":14,"blank":9},"file:///c%3A/Users/User/Documents/Modules/career%20stuff/chess2D/chessgame/chessgame/Source%20Files/.VSCodeCounter/2022-07-22_14-05-53/diff-details.md":{"language":"Markdown","code":9,"comment":0,"blank":6},"file:///c%3A/Users/User/Documents/Modules/career%20stuff/chess2D/chessgame/chessgame/Source%20Files/chess/gamepieces/pieces/pawn/pawn.h":{"language":"C++","code":14,"comment":50,"blank":8},"file:///c%3A/Users/User/Documents/Modules/career%20stuff/chess2D/chessgame/chessgame/Source%20Files/chess/board/board.cpp":{"language":"C++","code":208,"comment":21,"blank":45},"file:///c%3A/Users/User/Documents/Modules/career%20stuff/chess2D/chessgame/chessgame/Source%20Files/chess/gamepieces/pieces/queen/queen.h":{"language":"C++","code":14,"comment":50,"blank":7},"file:///c%3A/Users/User/Documents/Modules/career%20stuff/chess2D/chessgame/chessgame/Source%20Files/chess/gamepieces/pieces/rook/rook.h":{"language":"C++","code":14,"comment":50,"blank":8},"file:///c%3A/Users/User/Documents/Modules/career%20stuff/chess2D/chessgame/chessgame/Source%20Files/chess/gamepieces/pieces/rook/rook.cpp":{"language":"C++","code":97,"comment":2,"blank":9},"file:///c%3A/Users/User/Documents/Modules/career%20stuff/chess2D/chessgame/chessgame/Source%20Files/.VSCodeCounter/2022-07-22_14-05-53/details.md":{"language":"Markdown","code":31,"comment":0,"blank":6},"file:///c%3A/Users/User/Documents/Modules/career%20stuff/chess2D/chessgame/chessgame/Source%20Files/chess/gamepieces/pieces/queen/queen.cpp":{"language":"C++","code":177,"comment":10,"blank":16},"file:///c%3A/Users/User/Documents/Modules/career%20stuff/chess2D/chessgame/chessgame/Source%20Files/chess/gamepieces/pieces/knight/knight.cpp":{"language":"C++","code":96,"comment":18,"blank":7},"file:///c%3A/Users/User/Documents/Modules/career%20stuff/chess2D/chessgame/chessgame/Source%20Files/chess/gamepieces/pieces/king/king.h":{"language":"C++","code":15,"comment":60,"blank":8},"file:///c%3A/Users/User/Documents/Modules/career%20stuff/chess2D/chessgame/chessgame/Source%20Files/chess/gamepieces/pieces/knight/knight.h":{"language":"C++","code":14,"comment":50,"blank":8},"file:///c%3A/Users/User/Documents/Modules/career%20stuff/chess2D/chessgame/chessgame/Source%20Files/chess/gamepieces/pieces/king/king.cpp":{"language":"C++","code":173,"comment":26,"blank":31},"file:///c%3A/Users/User/Documents/Modules/career%20stuff/chess2D/chessgame/chessgame/Source%20Files/chess/gamepieces/pieces/bishop/bishop.h":{"language":"C++","code":14,"comment":50,"blank":8},"file:///c%3A/Users/User/Documents/Modules/career%20stuff/chess2D/chessgame/chessgame/Source%20Files/.VSCodeCounter/2022-07-22_14-05-53/results.json":{"language":"JSON","code":1,"comment":0,"blank":0},"file:///c%3A/Users/User/Documents/Modules/career%20stuff/chess2D/chessgame/chessgame/Source%20Files/chess/gamepieces/pieces/bishop/bishop.cpp":{"language":"C++","code":97,"comment":10,"blank":8}}