"filename", "language", "C++", "Markdown", "JSON", "comment", "blank", "total"
"c:\Users\User\Documents\Modules\career stuff\chess2D\chessgame\chessgame\Source Files\.VSCodeCounter\2022-07-22_15-03-37\details.md", "Markdown", 0, 39, 0, 0, 6, 45
"c:\Users\User\Documents\Modules\career stuff\chess2D\chessgame\chessgame\Source Files\.VSCodeCounter\2022-07-22_15-03-37\diff-details.md", "Markdown", 0, 17, 0, 0, 6, 23
"c:\Users\User\Documents\Modules\career stuff\chess2D\chessgame\chessgame\Source Files\.VSCodeCounter\2022-07-22_15-03-37\diff.md", "Markdown", 0, 18, 0, 0, 7, 25
"c:\Users\User\Documents\Modules\career stuff\chess2D\chessgame\chessgame\Source Files\.VSCodeCounter\2022-07-22_15-03-37\results.json", "JSON", 0, 0, 1, 0, 0, 1
"c:\Users\User\Documents\Modules\career stuff\chess2D\chessgame\chessgame\Source Files\.VSCodeCounter\2022-07-22_15-03-37\results.md", "Markdown", 0, 29, 0, 0, 7, 36
"c:\Users\User\Documents\Modules\career stuff\chess2D\chessgame\chessgame\Source Files\SDL_Handler.cpp", "C++", 256, 0, 0, 18, 34, 308
"c:\Users\User\Documents\Modules\career stuff\chess2D\chessgame\chessgame\Source Files\SDL_Handler.h", "C++", 22, 0, 0, 156, 14, 192
"c:\Users\User\Documents\Modules\career stuff\chess2D\chessgame\chessgame\Source Files\chess\board\board.cpp", "C++", 54, 0, 0, 0, 13, 67
"c:\Users\User\Documents\Modules\career stuff\chess2D\chessgame\chessgame\Source Files\chess\board\board.h", "C++", 2, 0, 0, 14, 1, 17
"c:\Users\User\Documents\Modules\career stuff\chess2D\chessgame\chessgame\Source Files\chess\board\stack.cpp", "C++", 9, 0, 0, 0, 0, 9
"c:\Users\User\Documents\Modules\career stuff\chess2D\chessgame\chessgame\Source Files\chess\board\stack.h", "C++", 2, 0, 0, 0, 0, 2
"c:\Users\User\Documents\Modules\career stuff\chess2D\chessgame\chessgame\Source Files\chess\game.cpp", "C++", 21, 0, 0, 1, -2, 20
"c:\Users\User\Documents\Modules\career stuff\chess2D\chessgame\chessgame\Source Files\chess\game.h", "C++", -2, 0, 0, 78, -1, 75
"c:\Users\User\Documents\Modules\career stuff\chess2D\chessgame\chessgame\Source Files\chess\gamepieces\linkedlist\Llist.cpp", "C++", 11, 0, 0, 0, 0, 11
"c:\Users\User\Documents\Modules\career stuff\chess2D\chessgame\chessgame\Source Files\chess\gamepieces\linkedlist\Llist.h", "C++", 4, 0, 0, 0, 0, 4
"c:\Users\User\Documents\Modules\career stuff\chess2D\chessgame\chessgame\Source Files\chess\gamepieces\pieces\bishop\bishop.cpp", "C++", 48, 0, 0, 0, 0, 48
"c:\Users\User\Documents\Modules\career stuff\chess2D\chessgame\chessgame\Source Files\chess\gamepieces\pieces\bishop\bishop.h", "C++", 1, 0, 0, 0, 0, 1
"c:\Users\User\Documents\Modules\career stuff\chess2D\chessgame\chessgame\Source Files\chess\gamepieces\pieces\king\king.cpp", "C++", 59, 0, 0, 3, 3, 65
"c:\Users\User\Documents\Modules\career stuff\chess2D\chessgame\chessgame\Source Files\chess\gamepieces\pieces\king\king.h", "C++", 2, 0, 0, 9, 1, 12
"c:\Users\User\Documents\Modules\career stuff\chess2D\chessgame\chessgame\Source Files\chess\gamepieces\pieces\knight\knight.cpp", "C++", 36, 0, 0, 0, 0, 36
"c:\Users\User\Documents\Modules\career stuff\chess2D\chessgame\chessgame\Source Files\chess\gamepieces\pieces\knight\knight.h", "C++", 1, 0, 0, 0, 0, 1
"c:\Users\User\Documents\Modules\career stuff\chess2D\chessgame\chessgame\Source Files\chess\gamepieces\pieces\pawn\pawn.cpp", "C++", 36, 0, 0, 0, 0, 36
"c:\Users\User\Documents\Modules\career stuff\chess2D\chessgame\chessgame\Source Files\chess\gamepieces\pieces\pawn\pawn.h", "C++", 1, 0, 0, 0, 0, 1
"c:\Users\User\Documents\Modules\career stuff\chess2D\chessgame\chessgame\Source Files\chess\gamepieces\pieces\piece.cpp", "C++", 9, 0, 0, 0, 1, 10
"c:\Users\User\Documents\Modules\career stuff\chess2D\chessgame\chessgame\Source Files\chess\gamepieces\pieces\piece.h", "C++", 8, 0, 0, 8, 1, 17
"c:\Users\User\Documents\Modules\career stuff\chess2D\chessgame\chessgame\Source Files\chess\gamepieces\pieces\queen\queen.cpp", "C++", 91, 0, 0, 0, 0, 91
"c:\Users\User\Documents\Modules\career stuff\chess2D\chessgame\chessgame\Source Files\chess\gamepieces\pieces\queen\queen.h", "C++", 1, 0, 0, 0, 0, 1
"c:\Users\User\Documents\Modules\career stuff\chess2D\chessgame\chessgame\Source Files\chess\gamepieces\pieces\rook\rook.cpp", "C++", 48, 0, 0, 0, 3, 51
"c:\Users\User\Documents\Modules\career stuff\chess2D\chessgame\chessgame\Source Files\chess\gamepieces\pieces\rook\rook.h", "C++", 1, 0, 0, 0, 0, 1
"c:\Users\User\Documents\Modules\career stuff\chess2D\chessgame\chessgame\Source Files\main.cpp", "C++", 1, 0, 0, 0, 0, 1
"Total", "-", 722, 103, 1, 287, 94, 1207