{"file:///c%3A/Users/User/Documents/Modules/career%20stuff/chess2D/chessgame/chessgame/Source%20Files/SDL_Handler.h":{"language":"C++","code":63,"comment":175,"blank":34},"file:///c%3A/Users/User/Documents/Modules/career%20stuff/chess2D/chessgame/chessgame/Source%20Files/SDL_Handler.cpp":{"language":"C++","code":639,"comment":65,"blank":130},"file:///c%3A/Users/User/Documents/Modules/career%20stuff/chess2D/chessgame/chessgame/Source%20Files/chess/board/board.h":{"language":"C++","code":29,"comment":137,"blank":22},"file:///c%3A/Users/User/Documents/Modules/career%20stuff/chess2D/chessgame/chessgame/Source%20Files/chess/board/stack.h":{"language":"C++","code":31,"comment":64,"blank":10},"file:///c%3A/Users/User/Documents/Modules/career%20stuff/chess2D/chessgame/chessgame/Source%20Files/main.cpp":{"language":"C++","code":36,"comment":7,"blank":6},"file:///c%3A/Users/User/Documents/Modules/career%20stuff/chess2D/chessgame/chessgame/Source%20Files/chess/board/stack.cpp":{"language":"C++","code":101,"comment":0,"blank":17},"file:///c%3A/Users/User/Documents/Modules/career%20stuff/chess2D/chessgame/chessgame/Source%20Files/chess/board/board.cpp":{"language":"C++","code":262,"comment":21,"blank":58},"file:///c%3A/Users/User/Documents/Modules/career%20stuff/chess2D/chessgame/chessgame/Source%20Files/chess/gamepieces/linkedlist/Llist.h":{"language":"C++","code":31,"comment":82,"blank":17},"file:///c%3A/Users/User/Documents/Modules/career%20stuff/chess2D/chessgame/chessgame/Source%20Files/chess/gamepieces/pieces/rook/rook.h":{"language":"C++","code":15,"comment":50,"blank":8},"file:///c%3A/Users/User/Documents/Modules/career%20stuff/chess2D/chessgame/chessgame/Source%20Files/chess/gamepieces/pieces/queen/queen.cpp":{"language":"C++","code":268,"comment":10,"blank":16},"file:///c%3A/Users/User/Documents/Modules/career%20stuff/chess2D/chessgame/chessgame/Source%20Files/chess/gamepieces/pieces/rook/rook.cpp":{"language":"C++","code":145,"comment":2,"blank":12},"file:///c%3A/Users/User/Documents/Modules/career%20stuff/chess2D/chessgame/chessgame/Source%20Files/chess/gamepieces/pieces/piece.h":{"language":"C++","code":35,"comment":140,"blank":20},"file:///c%3A/Users/User/Documents/Modules/career%20stuff/chess2D/chessgame/chessgame/Source%20Files/.VSCodeCounter/2022-07-22_15-03-37/diff.md":{"language":"Markdown","code":18,"comment":0,"blank":7},"file:///c%3A/Users/User/Documents/Modules/career%20stuff/chess2D/chessgame/chessgame/Source%20Files/chess/gamepieces/linkedlist/Llist.cpp":{"language":"C++","code":88,"comment":0,"blank":21},"file:///c%3A/Users/User/Documents/Modules/career%20stuff/chess2D/chessgame/chessgame/Source%20Files/chess/gamepieces/pieces/piece.cpp":{"language":"C++","code":53,"comment":0,"blank":12},"file:///c%3A/Users/User/Documents/Modules/career%20stuff/chess2D/chessgame/chessgame/Source%20Files/chess/gamepieces/pieces/pawn/pawn.h":{"language":"C++","code":15,"comment":50,"blank":8},"file:///c%3A/Users/User/Documents/Modules/career%20stuff/chess2D/chessgame/chessgame/Source%20Files/chess/gamepieces/pieces/queen/queen.h":{"language":"C++","code":15,"comment":50,"blank":7},"file:///c%3A/Users/User/Documents/Modules/career%20stuff/chess2D/chessgame/chessgame/Source%20Files/chess/gamepieces/pieces/pawn/pawn.cpp":{"language":"C++","code":105,"comment":14,"blank":9},"file:///c%3A/Users/User/Documents/Modules/career%20stuff/chess2D/chessgame/chessgame/Source%20Files/chess/gamepieces/pieces/knight/knight.cpp":{"language":"C++","code":132,"comment":18,"blank":7},"file:///c%3A/Users/User/Documents/Modules/career%20stuff/chess2D/chessgame/chessgame/Source%20Files/.VSCodeCounter/2022-07-22_15-03-37/diff-details.md":{"language":"Markdown","code":17,"comment":0,"blank":6},"file:///c%3A/Users/User/Documents/Modules/career%20stuff/chess2D/chessgame/chessgame/Source%20Files/.VSCodeCounter/2022-07-22_15-03-37/details.md":{"language":"Markdown","code":39,"comment":0,"blank":6},"file:///c%3A/Users/User/Documents/Modules/career%20stuff/chess2D/chessgame/chessgame/Source%20Files/chess/gamepieces/pieces/king/king.h":{"language":"C++","code":17,"comment":69,"blank":9},"file:///c%3A/Users/User/Documents/Modules/career%20stuff/chess2D/chessgame/chessgame/Source%20Files/chess/gamepieces/pieces/knight/knight.h":{"language":"C++","code":15,"comment":50,"blank":8},"file:///c%3A/Users/User/Documents/Modules/career%20stuff/chess2D/chessgame/chessgame/Source%20Files/chess/gamepieces/pieces/bishop/bishop.cpp":{"language":"C++","code":145,"comment":10,"blank":8},"file:///c%3A/Users/User/Documents/Modules/career%20stuff/chess2D/chessgame/chessgame/Source%20Files/chess/game.h":{"language":"C++","code":29,"comment":115,"blank":23},"file:///c%3A/Users/User/Documents/Modules/career%20stuff/chess2D/chessgame/chessgame/Source%20Files/chess/gamepieces/pieces/king/king.cpp":{"language":"C++","code":232,"comment":29,"blank":34},"file:///c%3A/Users/User/Documents/Modules/career%20stuff/chess2D/chessgame/chessgame/Source%20Files/chess/game.cpp":{"language":"C++","code":160,"comment":13,"blank":30},"file:///c%3A/Users/User/Documents/Modules/career%20stuff/chess2D/chessgame/chessgame/Source%20Files/chess/gamepieces/pieces/bishop/bishop.h":{"language":"C++","code":15,"comment":50,"blank":8},"file:///c%3A/Users/User/Documents/Modules/career%20stuff/chess2D/chessgame/chessgame/Source%20Files/.VSCodeCounter/2022-07-22_15-03-37/results.json":{"language":"JSON","code":1,"comment":0,"blank":0},"file:///c%3A/Users/User/Documents/Modules/career%20stuff/chess2D/chessgame/chessgame/Source%20Files/.VSCodeCounter/2022-07-22_15-03-37/results.md":{"language":"Markdown","code":29,"comment":0,"blank":7},"file:///c%3A/Users/User/Documents/Modules/career%20stuff/chess2D/chessgame/chessgame/Source%20Files/.VSCodeCounter/2022-07-22_14-05-53/diff.md":{"language":"Markdown","code":12,"comment":0,"blank":7},"file:///c%3A/Users/User/Documents/Modules/career%20stuff/chess2D/chessgame/chessgame/Source%20Files/.VSCodeCounter/2022-07-22_14-05-53/results.json":{"language":"JSON","code":1,"comment":0,"blank":0},"file:///c%3A/Users/User/Documents/Modules/career%20stuff/chess2D/chessgame/chessgame/Source%20Files/.VSCodeCounter/2022-07-22_14-05-53/results.md":{"language":"Markdown","code":24,"comment":0,"blank":7},"file:///c%3A/Users/User/Documents/Modules/career%20stuff/chess2D/chessgame/chessgame/Source%20Files/.VSCodeCounter/2022-07-22_14-05-53/diff-details.md":{"language":"Markdown","code":9,"comment":0,"blank":6},"file:///c%3A/Users/User/Documents/Modules/career%20stuff/chess2D/chessgame/chessgame/Source%20Files/.VSCodeCounter/2022-07-22_14-05-53/details.md":{"language":"Markdown","code":31,"comment":0,"blank":6}}