"filename", "language", "C++", "Markdown", "JSON", "comment", "blank", "total"
"c:\Users\User\Documents\Modules\career stuff\chess2D\chessgame\chessgame\Source Files\.VSCodeCounter\2022-07-22_14-05-53\details.md", "Markdown", 0, 31, 0, 0, 6, 37
"c:\Users\User\Documents\Modules\career stuff\chess2D\chessgame\chessgame\Source Files\.VSCodeCounter\2022-07-22_14-05-53\diff-details.md", "Markdown", 0, 9, 0, 0, 6, 15
"c:\Users\User\Documents\Modules\career stuff\chess2D\chessgame\chessgame\Source Files\.VSCodeCounter\2022-07-22_14-05-53\diff.md", "Markdown", 0, 12, 0, 0, 7, 19
"c:\Users\User\Documents\Modules\career stuff\chess2D\chessgame\chessgame\Source Files\.VSCodeCounter\2022-07-22_14-05-53\results.json", "JSON", 0, 0, 1, 0, 0, 1
"c:\Users\User\Documents\Modules\career stuff\chess2D\chessgame\chessgame\Source Files\.VSCodeCounter\2022-07-22_14-05-53\results.md", "Markdown", 0, 24, 0, 0, 7, 31
"c:\Users\User\Documents\Modules\career stuff\chess2D\chessgame\chessgame\Source Files\.VSCodeCounter\2022-07-22_15-03-37\details.md", "Markdown", 0, 39, 0, 0, 6, 45
"c:\Users\User\Documents\Modules\career stuff\chess2D\chessgame\chessgame\Source Files\.VSCodeCounter\2022-07-22_15-03-37\diff-details.md", "Markdown", 0, 17, 0, 0, 6, 23
"c:\Users\User\Documents\Modules\career stuff\chess2D\chessgame\chessgame\Source Files\.VSCodeCounter\2022-07-22_15-03-37\diff.md", "Markdown", 0, 18, 0, 0, 7, 25
"c:\Users\User\Documents\Modules\career stuff\chess2D\chessgame\chessgame\Source Files\.VSCodeCounter\2022-07-22_15-03-37\results.json", "JSON", 0, 0, 1, 0, 0, 1
"c:\Users\User\Documents\Modules\career stuff\chess2D\chessgame\chessgame\Source Files\.VSCodeCounter\2022-07-22_15-03-37\results.md", "Markdown", 0, 29, 0, 0, 7, 36
"c:\Users\User\Documents\Modules\career stuff\chess2D\chessgame\chessgame\Source Files\SDL_Handler.cpp", "C++", 639, 0, 0, 65, 130, 834
"c:\Users\User\Documents\Modules\career stuff\chess2D\chessgame\chessgame\Source Files\SDL_Handler.h", "C++", 63, 0, 0, 175, 34, 272
"c:\Users\User\Documents\Modules\career stuff\chess2D\chessgame\chessgame\Source Files\chess\board\board.cpp", "C++", 262, 0, 0, 21, 58, 341
"c:\Users\User\Documents\Modules\career stuff\chess2D\chessgame\chessgame\Source Files\chess\board\board.h", "C++", 29, 0, 0, 137, 22, 188
"c:\Users\User\Documents\Modules\career stuff\chess2D\chessgame\chessgame\Source Files\chess\board\stack.cpp", "C++", 101, 0, 0, 0, 17, 118
"c:\Users\User\Documents\Modules\career stuff\chess2D\chessgame\chessgame\Source Files\chess\board\stack.h", "C++", 31, 0, 0, 64, 10, 105
"c:\Users\User\Documents\Modules\career stuff\chess2D\chessgame\chessgame\Source Files\chess\game.cpp", "C++", 160, 0, 0, 13, 30, 203
"c:\Users\User\Documents\Modules\career stuff\chess2D\chessgame\chessgame\Source Files\chess\game.h", "C++", 29, 0, 0, 115, 23, 167
"c:\Users\User\Documents\Modules\career stuff\chess2D\chessgame\chessgame\Source Files\chess\gamepieces\linkedlist\Llist.cpp", "C++", 88, 0, 0, 0, 21, 109
"c:\Users\User\Documents\Modules\career stuff\chess2D\chessgame\chessgame\Source Files\chess\gamepieces\linkedlist\Llist.h", "C++", 31, 0, 0, 82, 17, 130
"c:\Users\User\Documents\Modules\career stuff\chess2D\chessgame\chessgame\Source Files\chess\gamepieces\pieces\bishop\bishop.cpp", "C++", 145, 0, 0, 10, 8, 163
"c:\Users\User\Documents\Modules\career stuff\chess2D\chessgame\chessgame\Source Files\chess\gamepieces\pieces\bishop\bishop.h", "C++", 15, 0, 0, 50, 8, 73
"c:\Users\User\Documents\Modules\career stuff\chess2D\chessgame\chessgame\Source Files\chess\gamepieces\pieces\king\king.cpp", "C++", 232, 0, 0, 29, 34, 295
"c:\Users\User\Documents\Modules\career stuff\chess2D\chessgame\chessgame\Source Files\chess\gamepieces\pieces\king\king.h", "C++", 17, 0, 0, 69, 9, 95
"c:\Users\User\Documents\Modules\career stuff\chess2D\chessgame\chessgame\Source Files\chess\gamepieces\pieces\knight\knight.cpp", "C++", 132, 0, 0, 18, 7, 157
"c:\Users\User\Documents\Modules\career stuff\chess2D\chessgame\chessgame\Source Files\chess\gamepieces\pieces\knight\knight.h", "C++", 15, 0, 0, 50, 8, 73
"c:\Users\User\Documents\Modules\career stuff\chess2D\chessgame\chessgame\Source Files\chess\gamepieces\pieces\pawn\pawn.cpp", "C++", 105, 0, 0, 14, 9, 128
"c:\Users\User\Documents\Modules\career stuff\chess2D\chessgame\chessgame\Source Files\chess\gamepieces\pieces\pawn\pawn.h", "C++", 15, 0, 0, 50, 8, 73
"c:\Users\User\Documents\Modules\career stuff\chess2D\chessgame\chessgame\Source Files\chess\gamepieces\pieces\piece.cpp", "C++", 53, 0, 0, 0, 12, 65
"c:\Users\User\Documents\Modules\career stuff\chess2D\chessgame\chessgame\Source Files\chess\gamepieces\pieces\piece.h", "C++", 35, 0, 0, 140, 20, 195
"c:\Users\User\Documents\Modules\career stuff\chess2D\chessgame\chessgame\Source Files\chess\gamepieces\pieces\queen\queen.cpp", "C++", 268, 0, 0, 10, 16, 294
"c:\Users\User\Documents\Modules\career stuff\chess2D\chessgame\chessgame\Source Files\chess\gamepieces\pieces\queen\queen.h", "C++", 15, 0, 0, 50, 7, 72
"c:\Users\User\Documents\Modules\career stuff\chess2D\chessgame\chessgame\Source Files\chess\gamepieces\pieces\rook\rook.cpp", "C++", 145, 0, 0, 2, 12, 159
"c:\Users\User\Documents\Modules\career stuff\chess2D\chessgame\chessgame\Source Files\chess\gamepieces\pieces\rook\rook.h", "C++", 15, 0, 0, 50, 8, 73
"c:\Users\User\Documents\Modules\career stuff\chess2D\chessgame\chessgame\Source Files\main.cpp", "C++", 36, 0, 0, 7, 6, 49
"Total", "-", 2676, 179, 2, 1221, 586, 4664